Naziv proizvoda;Šifra;Marka;Volumen/masa jediničnog pakiranja;Jedinica mjere;Cijena za jedinicu mjere (ako je primjenjivo);Maloprodajna cijena (eur);Poseban oblik prodaje (DA/NE);Naziv posebnog oblika prodaje;"Dodatna cijena
10.9.2026. (eur)";Barkod (ako ima);Dostupnost (dostupan ili nedostupan)
AchiLeo krema;001;Myrtus;50;ml; 440,00 € ; 22,00 € ;ne;np; 22,00 € ;np;dostupan
Katherra krema;002;Myrtus;50;ml; 440,00 € ; 22,00 € ;ne;np; 22,00 € ;np;dostupan
LumiEye cream;003;Myrtus;15;ml; 440,00 € ; 22,00 € ;ne;np; 22,00 € ;np;dostupan
AchiLeo umivalica;004;Myrtus;45;ml; np ; 6,00 € ;ne;np; 6,00 € ;np;dostupan
Katherra umivalica;005;Myrtus;45;ml; np ; 6,00 € ;ne;np; 6,00 € ;np;dostupan
CaLana umivalica;006;Myrtus;45;ml; np ; 6,00 € ;ne;np; 6,00 € ;np;dostupan
AchiLeo serum;007;Myrtus;30;ml; np ; 22,00 € ;ne;np; 22,00 € ;np;dostupan
Katherra serum;008;Myrtus;30;ml; np ; 22,00 € ;ne;np; 22,00 € ;np;dostupan
HydraB3 serum;009;Myrtus;30;ml; np ; 22,00 € ;ne;np; 22,00 € ;np;dostupan
Herbal secret;010;Myrtus;30;ml; np ; 6,00 € ;ne;np; 6,00 € ;np;dostupan
Wild&fresh kruti šampon za kosu;011;Myrtus;75;g; 120,00 € ; 9,00 € ;ne;np; 9,00 € ;np;dostupan
Forest spirit sapun;012;Myrtus;75;g; 80,00 € ; 6,00 € ;ne;np; 6,00 € ;np;nedostupan
Forest blush sapun;013;Myrtus;75;g; 80,00 € ; 6,00 € ;ne;np; 6,00 € ;np;dostupan
Mountain Whisper sapun;014;Myrtus;75;g; 80,00 € ; 6,00 € ;ne;np; 6,00 € ;np;nedostupan
Timber Flame sapun;015;Myrtus;75;g; 80,00 € ; 6,00 € ;ne;np; 6,00 € ;np;ndostupan
Timber Flame sapun (dizajn 2);017;Myrtus;75;g; 80,00 € ; 6,00 € ;ne;np; 6,00 € ;np;dostupan
Gardener's soap;016;Myrtus;75;g; 80,00 € ; 6,00 € ;ne;np; 6,00 € ;np;dostupan
dostava DPD;401;np;np;np; np ; 5,00 € ;ne;np; 5,00 € ;np;dostupan
dostava Box now;402;np;np;np; np ; 2,00 € ;ne;np; 2,00 € ;np;dostupan
